Ref,Val,Package,PosX,PosY,Rot,Side
"C1","0,1uF","C_0603_1608Metric_Pad1.05x0.95mm_HandSolder",156.330000,-63.830000,190.000000,top
"C2","10uF","C_0603_1608Metric_Pad1.05x0.95mm_HandSolder",156.020000,-62.170000,190.000000,top
"D1","LED 0603","LED_0603_1608Metric_Pad1.05x0.95mm_HandSolder",134.160000,-62.970000,100.000000,top
"R1","5k1","R_0603_1608Metric_Pad1.05x0.95mm_HandSolder",131.455001,-73.339999,180.000000,top
"R2","5k1","R_0603_1608Metric_Pad1.05x0.95mm_HandSolder",130.710000,-86.980000,0.000000,top
"R3","10k","R_0603_1608Metric_Pad1.05x0.95mm_HandSolder",161.760000,-61.110000,190.000000,top
"R4","10k","R_0603_1608Metric_Pad1.05x0.95mm_HandSolder",164.070000,-85.200000,160.000000,top
"R5","220","R_0603_1608Metric_Pad1.05x0.95mm_HandSolder",134.860000,-66.740000,280.000000,top
"U2","MCP1825S","SOT-223-3_TabPin2",145.300000,-59.490000,125.000000,top
